<?xml version="1.0" encoding="UTF-8"?>
<!DOCTYPE suite SYSTEM "https://testng.org/testng-1.0.dtd">
<suite thread-count="5" name="Suite" verbose="5" parallel="tests">


  <test thread-count="5" name="englishTest" >
  <parameter name="lang" value="english"></parameter>
    <classes>
      <class name="testcases.EditLead"/>
    </classes>
  </test> <!-- Test -->
  

  <test thread-count="5" name="frenchTest">
  <parameter name="lang" value="french"></parameter>
    <classes>
      <class name="testcases.EditLead"/>
    </classes>
  </test> 
</suite> 
